# card	flags	globs	regex
CLM-R1	iq	@web,@docs,*plan*.json,*plan*.y*ml,*pricing*.json,*pricing*.y*ml	(integrat(es|ion)[[:space:]]+with|syncs?[[:space:]]+with|export[[:space:]]+(to|as)[[:space:]]+(csv|pdf|excel|xlsx|json)|import[[:space:]]+from|single sign-on|(^|[^[:alnum:]-])(sso|saml|scim)([^[:alnum:]-]|$)|api[[:space:]]+access|offline[[:space:]]+(mode|access|support)|white-?label|custom[[:space:]]+domains?|audit[[:space:]]+logs?|all plans include|everything in (free|starter|basic|pro|team|business))
CLM-R1	iq	@code,@config	(features|perks|benefits|included|includes|highlights)["']?[[:space:]]*[:=][[:space:]]*(\[|\{)
CLM-R2	iq	@code,@web	(not[ _-]?(yet[ _-]?)?implemented|notimplementederror|unimplemented!|todo!\(|raise[[:space:]]+notimplemented|coming[ _-]?soon|mock[ _-]?(client|service|provider|api)|stub[ _-]?(client|service|response)|lorem ipsum|dolor sit amet)
CLM-R3	iq	*flag*,*toggle*,*feature*	(^|[^[:alnum:]_])(enabled|default_?value|default_?variation|defaultvariant|state)["']?[[:space:]]*[:=][[:space:]]*["']?(false|off|disabled)([^[:alnum:]]|$)
CLM-R3	q	@code	^[[:space:]]*(//|#)[[:space:]]*(app|router|r|api|server)\.(get|post|put|patch|delete|use|route)\(
CLM-R4	i	CHANGELOG*,CHANGES*,RELEASES*,RELEASE-NOTES*,release-notes*,changelog*,whats-new*,whatsnew*,*announcement*	^(#+|[-*])[[:space:]]+.*(added|new|introduc|launch|now (you can|supports?|available)|support for|shipped|available)
CLM-R4	i	@code,@web,@config	(whats[ _-]?new|what.s new|release[ _-]?notes|changelog|announcements?|new[ _-]?feature[ _-]?(banner|modal|badge|tour))
CLM-R5	iq	@web,@docs,@config	([0-9]+[ -]?(day|days|hour|hours|month|months|year|years)[[:space:]]+(free[[:space:]]+)?(trial|history|retention|refund|money-back|guarantee|backups?)|(up to|max(imum)?|limit of)[[:space:]]+[0-9]+[[:space:]]*(mb|gb|tb|files|uploads|characters|pages|minutes)|(kept|stored|retained|keep|store|retain)[[:space:]]+(your[[:space:]]+)?(data|files|history|logs)[[:space:]]+for[[:space:]]+[0-9]+|real[ -]time[[:space:]]+(sync|syncing|updates?|collaboration|alerts?|notifications?|data|tracking)|hosted in (the )?(eu|us|europe|uk|germany)|supports? (csv|xlsx|excel|pdf|json)|end-to-end encrypt|zero[ -]knowledge|we (never|don.t|do not) (see|store|read|sell|share|track)|never leaves? your (device|browser|computer)|no (tracking|trackers|third-party cookies)|cookie-?free)
CLM-R5	iq	@code,@config	(trial_?(days|period|length|duration)|retention_?(days|period)|history_?(days|limit)|ttl_?days|(delete|purge)_?after|older_?than|max_?(upload|file)_?(size|bytes|mb)|upload_?limit|refund_?(days|window|period)|poll(ing)?_?interval|refresh_?interval|accepted_?(types|formats|mime)|allowed_?(types|formats|extensions))
CLM-R6	-	@docs,@web,@config	(Settings|Account|Billing|Profile|Dashboard|Preferences|Integrations|Admin|Workspace|Team|Organization)[[:space:]]*(>|&gt;)[[:space:]]*[A-Z][[:alpha:]]+
CLM-R7	iq	@code,@web	(math\.random\(|random\.(random|randint|uniform|choice)\(|faker\.|@faker-js|from faker|mock_?data|fake_?data|dummy_?data|sample_?data|hardcoded_?(data|result|value))
CLM-R7	iq	@code,@web	((import|require)[^;]*["'][^"']*/(mocks?|__mocks__|fixtures|__fixtures__|stubs?|dummy[_-]?data|sample[_-]?data)/|from[[:space:]]+[[:alnum:]_.]*[.](mocks?|fixtures|stubs?)[[:space:]]+import)
CLM-R8	i	@docs	(^[[:space:]]*[*_]*(status|state|stage)[*_]*[[:space:]]*:[[:space:]]*[*_]*(shipped|done|launched|released|complete|completed|accepted|live|ga|in production)|^#+[[:space:]]*(acceptance criteria|functional requirements|product requirements|user stories|definition of done|success criteria|must[ -]haves?))
CLM-R8	i	ROADMAP*,roadmap*,PRD*,*prd*,*-spec.md,*_spec.md	^[[:space:]]*[-*][[:space:]]+\[x\]
ENT-R1	iq	@code,@web,@config	(price_?id|priceid|unit_amount|unitamount|line_items|lineitems|checkout\.sessions\.create|checkout_?session|paddle\.checkout|lookup_?key|\$[0-9]+(\.[0-9][0-9])?[[:space:]]*(/|per)[[:space:]]*(mo|month|yr|year|user|seat))
ENT-R1	iq	@code,@web	(coupon|promo(tion)?_?code|discount|allow_promotion_codes|exchange_?rate|convert_?currency|(display|displayed|shown|selected|user|local|visitor)_?currency)
ENT-R2	iq	@code,@config,@sql	(entitlement|has_?feature|can_?access|isentitled|is_entitled|requirefeature|require_feature|is_?(pro|premium|paid|business|enterprise|subscribed)([^[:alnum:]_]|$)|plan(_?(id|name|type|tier|key))?[[:space:]]*(===|==|!==|!=)|tier[[:space:]]*(===|==|>=|<=)|subscription\.(plan|status|price|items))
ENT-R2	iq	@code,@web	(user|member|currentuser|current_user|viewer)\.(plan|tier|subscription|is_?(pro|premium|paid))([^[:alnum:]_]|$)
ENT-R3	iq	@code	(plan|tier)[[:alnum:]_.]*([[:space:]]*(\|\||\?\?)[[:space:]]*|[[:space:]]+or[[:space:]]+)["']?(pro|premium|paid|business|enterprise|team|unlimited|all)([^[:alnum:]_]|$)
ENT-R3	iq	@code	(default_?(plan|tier)["']?[[:space:]]*[:=][[:space:]]*["']?(pro|premium|paid|business|enterprise|team|unlimited)|(\|\||\?\?|or)[[:space:]]*all_?features|(limits|plans|tiers|entitlements)[[:alnum:]_]*\[[^]]*\][[:space:]]*(\|\||\?\?)|case[[:space:]]+["'](free|starter|basic|pro|plus|team|business|enterprise|premium)["'])
ENT-R4	iq	@web,*plan*.json,*plan*.y*ml,*pricing*.json,*pricing*.y*ml,*pricing*.md	(([0-9][0-9,]*|unlimited)[[:space:]]+(projects?|seats?|users?|members?|workspaces?|credits?|requests?|api calls?|messages?|documents?|files?|boards?|sites?|exports?|integrations?|gb|mb)([^[:alnum:]]|$)|up to [0-9][0-9,]*)
ENT-R4	iq	@code,@config,@sql	((max|limit)_?(projects|seats|users|members|workspaces|credits|requests|storage|uploads|files|documents|messages|minutes|exports|api_?calls)|(projects|seats|users|members|workspaces|credits|requests|storage|messages|exports|api_?calls)_?(limit|max|quota)|limits?["']?[[:space:]]*:[[:space:]]*\{)
ENT-R5	i	@web,@code	(is_?(pro|premium|paid|subscribed)([^[:alnum:]_]|$)|plan[[:alnum:]_.]*[[:space:]]*(===|==|!==|!=)[[:space:]]*["'](free|pro|premium|business|enterprise|starter|team|plus)["']|paywall|upgrade[ _-]?(to[ _-]?)?(pro|premium|unlock)|upgrade_?required|pro[ _-]?only|requires?[ _-]?(pro|upgrade|plan))
ENT-R6	i	@code,@sql	((incr|incrby|increment)\([^)]*(usage|quota|credit)|(usage|quota|credits?_?used|requests?_?used|used_?(credits|requests|quota))[[:alnum:]_]*[[:space:]]*(\+=|\+\+)|(usage|quota|credits?)[[:alnum:]_]*["']?[[:space:]]*:[[:space:]]*\{[[:space:]]*increment|reset_?(usage|quota|credits|counters?)|(usage|quota)_?(reset|period|window|resets_?at)|consume_?credits?|deduct_?credits?)
ENT-R8	i	@code,@config,@web	(price_[[:alnum:]]{14,}|pri_[[:alnum:]]{20,}|lookup_?key|(free|starter|basic|pro|plus|team|business|enterprise|premium|growth|scale)_?(plan|tier)["']?[[:space:]]*:[[:space:]]*\{)
BILL-R1	iq	@code,@web	(success_?url|return_?url|/(billing|checkout|payment|upgrade|subscribe)/(success|complete|confirm)|[?&](success|paid|session_id|checkout_?session|plan)=|get\([[:space:]]*["'](success|paid|session_id|plan)["']|checkout\.session\.completed|payment_intent\.succeeded|invoice\.paid|transaction\.completed)
BILL-R2	iq	@config,@code,@infra,@ci	(pk_test_|sk_test_|rk_test_|livemode["']?[[:space:]]*[:=][[:space:]]*false|(paddle|paypal|braintree|adyen|lemonsqueezy|stripe|billing|payments?|checkout)_?(env|environment|mode|sandbox)["']?[[:space:]]*[:=][[:space:]]*["']?(sandbox|test|true)|environment\.(set\([[:space:]]*["']sandbox|sandbox)|environment["']?[[:space:]]*[:=][[:space:]]*["']sandbox|sandbox-api\.paddle\.com|sandbox-vendors\.paddle\.com|api-m\.sandbox\.paypal\.com|api\.sandbox\.paypal\.com|sandbox\.braintreegateway\.com|checkout-test\.adyen\.com|test_?mode["']?[[:space:]]*[:=][[:space:]]*["']?true)
BILL-R3	iq	@code	(customer\.subscription\.(created|updated|deleted|paused|resumed|trial_will_end)|invoice\.(paid|payment_failed|payment_succeeded|payment_action_required|marked_uncollectible)|charge\.(refunded|dispute\.created|dispute\.closed)|subscription_(cancelled|canceled|expired|paused|payment_failed|payment_success|payment_recovered|updated|resumed)|subscription\.(canceled|cancelled|past_due|paused|activated|updated)|transaction\.(payment_failed|past_due)|adjustment\.(created|updated)|webhooks?/(stripe|paddle|billing|lemonsqueezy|chargebee|recurly|revenuecat|braintree))
BILL-R3	q	@code	(^|[^[:alnum:]_])(DID_FAIL_TO_RENEW|DID_CHANGE_RENEWAL_STATUS|DID_RENEW|GRACE_PERIOD_EXPIRED|SUBSCRIPTION_(EXPIRED|CANCELED|ON_HOLD|IN_GRACE_PERIOD|REVOKED|RECOVERED|RENEWED|PAUSED)|BILLING_ISSUE|CANCELLATION|EXPIRATION|REFUND)([^[:alnum:]_]|$)
BILL-R3	iq	@code	(checkout\.session\.completed|constructevent\(|unmarshalwebhook|(stripe|paddle|billing|lemonsqueezy|lemon-squeezy|chargebee|recurly|revenuecat|braintree|payments?)[/_-]webhooks?|subscription_created|transaction\.completed|initial_purchase)
BILL-R4	iq	@code	(cancel_at_period_end|cancelatperiodend|subscriptions?\.(cancel|del|delete|update)\(|cancel_?(subscription|plan|membership)|delete_?(account|organization|workspace|team)|close_?(account|workspace)|prorat|proration_behavior|billing_cycle_anchor|current_period_end|currentperiodend|downgrad|customers\.create\(|checkout\.sessions\.create|create_?checkout_?session|(existing|active)_?subscriptions?)
BILL-R5	iq	@code,@sql,@config	(trial_?(ends?|end_?date|expires?|expiry|expiration|period_?days|days)(_?(at|on))?|trialend|is_?trialing|trialing|in_?trial|on_?trial|trial_will_end|grace_?(period|until|ends?)(_?(at|on))?)
BILL-R6	i	@code,@config	(payment_?failed|past_?due|unpaid|dunning|grace_?period|retry_?(payment|charge)|smart_?retries|billing_issue|card_declined|requires_payment_method|update_?(payment_?method|card)|billing_?portal)
BILL-R7	iq	@code	(seat_?count|seats_?used|seats?_?quantity|usage_?records?|createusagerecord|meter_?events?|billing\.meter|report_?usage|record_?usage|subscription_?items?|subscriptionitems?\.(update|create)|(add|remove)_?seat|consume_?credits?|deduct_?credits?|credits?[[:space:]]*(-=|\+=))
BILL-R7	iq	@code	((invite|add|remove)_?(member|teammate|seat|collaborator)s?|accept_?invit|scim)
BILL-R8	iq	@code	(downgrad|plan_?change|change_?plan|over_?limit|exceeds?_?limit|enforce_?limit|subscription_?(deleted|canceled|cancelled|ended|expired)|trial_?(expired|ended)|past_due|unpaid|(^|[^[:alpha:]])lapsed?([^[:alpha:]]|$)|after_?(cancel|expir))
BILL-R8	iq	@code	(delete|destroy|remove|purge)[[:alnum:]_]*(excess|over_?limit|extra|beyond|surplus)
CUST-R1	i	@code	(remove_?member|delete_?member|leave_?(team|workspace|organization|org)|change_?role|update_?role|set_?role|transfer_?owner(ship)?|make_?owner|is_?owner|role[[:space:]]*[:=][[:space:]]*["'](owner|admin)["'])
CUST-R2	iq	@code,@sql	(remove_?member|delete_?user|destroy_?user|on[[:space:]_]?delete[[:space:]]+cascade|ondelete[[:space:]]*:[[:space:]]*["']?cascade|on_delete[[:space:]]*=[[:space:]]*models\.cascade|dependent:[[:space:]]*:destroy|reassign|transfer_?(content|ownership|items))
CUST-R3	i	@code	(delete_?(account|organization|workspace|team|tenant)|close_?(account|workspace)|destroy_?(account|organization|workspace)|deactivate_?(account|organization|workspace)|offboard)
CUST-R4	i	@code,@web,@shell	(export_?(data|all|account|workspace|archive)|exportdata|download_?(all|data|archive)|data_?export|takeout|portability|application/zip)
CUST-R5	i	@code,@shell,@sql,@docs	(update[[:space:]]+[[:alnum:]_."]*(subscriptions?|plans?|accounts?|organizations?|users?|customers?|workspaces?|teams?)[[:space:]]+set[[:space:]][^;]*(plan|tier|status|trial|credits|seats|owner)|extend_?trial|comp_?(plan|account)|grant_?(credits|plan)|manual_?(refund|upgrade|downgrade)|run (this|the following) sql)
CUST-R6	i	@code	((account|org|organization|workspace|tenant|team|customer|company|client)[[:alnum:]_.]*(id|slug|domain|name|key)[[:space:]]*(===|==|!==|!=)[[:space:]]*["'][^"']+["']|(email|domain)[[:alnum:]_.]*\.(endswith|ends_with|includes)\([[:space:]]*["']@?[[:alnum:]-]+\.[[:alpha:]]+["']|(vip|special|enterprise|custom|legacy|allowlisted|whitelisted)_?(customer|client|account|org|tenant)s?(_?(ids|domains|slugs|list))?[[:space:]]*(=|:)[[:space:]]*(\[|\{|new set))
MET-R1	i	@code,@web,@config	(analytics\.(track|page|screen|load)\(|posthog\.(init|capture)|mixpanel\.(init|track)|amplitude\.(init|track|logevent)|@segment/|rudderanalytics\.|heap\.(track|load)|plausible\(|umami\.track|logevent\(|trackevent\(|track_event\(|gtag\([[:space:]]*["']event|datalayer\.push\(|snowplow)
MET-R2	i	@code,@web	(track|capture|logevent|trackevent)[[:alnum:]_]*\([[:space:]]*["'][^"']*(complet|succe|paid|purchas|subscri|upgrad|activat|signed[ _]?up|creat|sent|submit|publish|convert)
MET-R2	i	@web,@code	on(click|submit|press)[[:space:]]*=[^>]*(track|capture|logevent)
MET-R3	i	@code,@web	((analytics|posthog|mixpanel|amplitude|segment|rudderanalytics|heap|statsig)\.(identify|alias|reset|group|setuserid|set_user_id|people\.set)\(|groupidentify|(^|[^[:alnum:]_.])(identify|identifyuser|setuserid)\(|distinct_?id|anonymous_?id)
MET-R4	i	@code,@web	((track|capture|logevent|trackevent)[[:alnum:]_]*\([^)]*["'][^"']*(purchas|order|checkout|payment|subscri|upgrad|downgrad|renew|revenue|trial|cancel)|\$revenue|logrevenue|trackcharge)
MET-R5	i	*tracking-plan*,*tracking_plan*,*trackingplan*,*events*.y*ml,*events*.json,*analytics*.y*ml,*analytics*.json	^[[:space:]]*-?[[:space:]]*["']?(event|name|event_?name)["']?[[:space:]]*:
MET-R5	i	@code,@web	((analytics|posthog|mixpanel|amplitude|segment|rudderanalytics|heap|umami|statsig)\.(track|capture|logevent)\([[:space:]]*["']|(events|event_?names|analytics_?events|tracking_?events|tracking_?plan)[[:space:]]*(=|:)[[:space:]]*(\{|\[|object\.freeze)|enum[[:space:]]+[[:alnum:]_]*events?[[:space:]]*\{)
MET-R6	i	@code,@web,@config	(posthog\.init|mixpanel\.init|amplitude\.init|initamplitude|analytics\.load|analyticsbrowser\.load|rudderanalytics\.load|heap\.load|statsig\.initialize|new[[:space:]]+(posthog|analytics)\(|segment_?write_?key|posthog_?(key|api_?key)|mixpanel_?token|amplitude_?api_?key)
MET-R7	i	@docs,@config	(success[ _-]?(metrics?|criteria|measures)|north[ _-]?star|key results|primary[ _-]?metric|guardrail[ _-]?metrics?|target[ _-]?metric|how we.ll measure|(^|[^[:alnum:]])(kpis?|okrs?)([^[:alnum:]]|$))
KPI-R1	i	@code,@sql	((^|[^[:alnum:]])mrr([^[:alnum:]]|$)|monthly[ _-]?recurring|annual[ _-]?recurring|recurring[ _-]?revenue|run[ _-]?rate|net[ _-]?revenue|gross[ _-]?revenue|total[ _-]?revenue|revenue[ _-]?(by|per|report|summary|metrics?))
KPI-R1	-	@code,@sql	((^|[^[:alnum:]])ARR([^[:alnum:]]|$)|[a-z](Mrr|MRR|ARR)([A-Z]|[^[:alnum:]]|$))
KPI-R2	i	@code,@sql	(sum\([[:space:]]*["']?[[:alnum:]_.]*(amount|revenue|mrr|arr|price)|reduce\(.*(revenue|mrr|amount_paid|amount_due|unit_amount|amount_total)|(revenue|mrr)[[:alnum:]_]*[[:space:]]*\+=)
KPI-R3	i	@code,@sql,@config	(is_?(test|internal|staff|demo|employee)(_?(user|account))?([^[:alnum:]_]|$)|internal_?(user|account)s?|staff_?(user|account)s?|demo_?(user|account)s?|exclude_?(internal|test|staff)|livemode)
KPI-R4	i	@code,@sql	(active[ _-]?(users?|accounts?|customers?)|(^|[^[:alpha:]])(dau|wau|mau)([^[:alpha:]]|$)|daily[ _-]?active|weekly[ _-]?active|monthly[ _-]?active|last_?(seen|active|login|activity)(_?at)?)
KPI-R6	i	@code,@sql	(interval[[:space:]]*["'][0-9]+[[:space:]]*(day|days|week|month)|now\(\)[[:space:]]*-|current_date[[:space:]]*-|subdays\(|submonths\(|timedelta\([[:space:]]*days[[:space:]]*=|date_trunc\(|startofmonth|startofweek|this[ _-]?month|last[ _-]?(7|28|30|90)[ _-]?days)
SHIP-R1	i	@code,@web	(variation|boolvariation|booleanvariation|getbooleanvalue|getbooleandetails|isenabled|is_enabled|isfeatureenabled|is_feature_enabled|usefeatureflag|useflag|usefeatureison|checkgate|check_gate|feature_enabled|flag_enabled|getfeatureflag|get_feature_flag)\([^)]*,[[:space:]]*(true|1|["'](on|treatment|variant|enabled)["'])[[:space:]]*\)
SHIP-R1	i	@code,@web	(flag|feature|variation|gate|toggle|isenabled|is_enabled)[[:alnum:]_]*\([^)]*\)[[:space:]]*(\?\?|\|\||or)[[:space:]]*true
SHIP-R1	i	*flag*,*toggle*,features.json,features.y*ml,flagd*	(default_?value|default_?variation|default_?variant|defaultvariant|fallback)["']?[[:space:]]*[:=][[:space:]]*["']?(true|on)
SHIP-R2	i	@web,@code	(usefeatureflag|useflag|usefeatureison|usefeaturevalue|usegate|usevariant|useexperiment|usedecision|<feature[[:space:]>]|<flag[[:space:]>]|featureflags?\.[[:alnum:]_]+[[:space:]]*(&&|\?))
SHIP-R3	i	@code,@config,@docs	(kill[ _-]?switch|killswitch|emergency[ _-]?(off|disable|stop|shutoff)|maintenance[ _-]?mode|next_public_(feature|flag|enable)[[:alnum:]_]*|vite_(feature|flag|enable)[[:alnum:]_]*)
SHIP-R4	i	@code,@web	(variation|boolvariation|booleanvariation|getbooleanvalue|getstringvalue|isenabled|is_enabled|isfeatureenabled|is_feature_enabled|usefeatureflag|useflag|usefeatureison|usefeaturevalue|usegate|checkgate|check_gate|feature_enabled|getfeatureflag|get_feature_flag|getfeaturevalue|flags\.get)\([[:space:]]*["'][[:alnum:]_.:-]+["']
SHIP-R5	i	@code,@web,@docs,openapi*,swagger*	(@deprecated|deprecat(ed|ion)|sunset|end[ _-]?of[ _-]?life|will be removed|to be removed|scheduled for removal|legacy[ _-]?(api|plan|endpoint|version))
EXP-R1	i	@code,@web	((variant|bucket|cohort|experiment|ab_?test|treatment|rollout)[^;]*(math\.random|random\.(random|randint|choice|uniform)|rand\(|mt_rand)|(math\.random|random\.(random|randint|choice|uniform)|mt_rand)[^;]*(variant|bucket|experiment|treatment|control|rollout))
EXP-R2	i	@code,@web,@config	(getexperiment|useexperiment|getvariant|get_variant|usevariant|getvariation|usedecision|getdecision|getfeatureflagpayload|usefeatureflagvariantkey|trackingcallback|exposure|experiment[ _]?viewed|feature_flag_called|logexposure)
EXP-R3	i	@code,@config	(variant_?weights?|traffic_?allocation|weights["']?[[:space:]]*:[[:space:]]*\[)
EXP-R3	i	*experiment*,*flag*,features.json,features.y*ml	(rules|targeting|conditions|coverage|segments?)["']?[[:space:]]*:
EXP-R4	i	*experiment*,*flag*,*abtest*,*ab-test*,features.json,features.y*ml	(end_?date|ends_?at|stop_?date|concluded|winner|winning_?variant|rollout_?(percent|percentage)|status["']?[[:space:]]*:[[:space:]]*["']?(running|stopped|completed|concluded))
VOC-R1	i	@code,@web	(feedback[ _-]?(form|widget|modal|button|dialog|submit)|send[ _-]?feedback|submit_?feedback|bug[ _-]?report|report[ _-]?(a[ _-]?)?(bug|problem|issue)|contact[ _-]?(us|form|support)|support[ _-]?(form|request|ticket)|(^|[^[:alnum:]])(intercom|zendesk|freshdesk|helpscout|userback|usersnap|featurebase)([^[:alnum:]]|$)|\$crisp|crisp_?website_?id|canny\([[:space:]]*["'](identify|render)|showreportdialog)
VOC-R2	i	@code,@config,@web	((support|help|feedback|contact|hello|sales|team|admin|info|billing)@(example|test|domain|yourdomain|yourcompany|company|acme|foo|localhost)\.|["']#(test|testing|random|dev|general)["']|(app_?id|website_?id|widget_?id|workspace_?id|site_?id)["']?[[:space:]]*[:=][[:space:]]*["'](x+|your[^"']*|todo|changeme|placeholder|0+)?["'])
VOC-R3	i	@code,@web	(cancel(lation)?[ _-]?(reason|survey|feedback)|churn[ _-]?(reason|survey)|exit[ _-]?survey|reason[ _-]?for[ _-]?(leaving|cancel)|why[ _-]?(are[ _-]?you[ _-]?)?(leaving|cancell?ing)|cancellation_details)
VOC-R4	i	@code,@web	(notify[ _-]?me|wait[ _-]?list|early[ _-]?access|request[ _-](access|a[ _-]?feature|an[ _-]?integration|integration|demo)|request(a?feature|anintegration|integration|demo)|requestaccess(form|button|modal|page|dialog)|feature[ _-]?request|upvote|contact[ _-]?sales|talk[ _-]?to[ _-]?sales|book[ _-]?a[ _-]?demo|coming[ _-]?soon|get[ _-]?notified|register[ _-]?interest)
VOC-R5	i	@code,@web	((^|[^[:alnum:]])(nps|csat)([^[:alnum:]]|$)|(nps|csat)[ _-]?(survey|score|prompt|modal|widget|form)|net[ _-]?promoter|satisfaction[ _-]?(score|survey)|likely[ _-]?(are[ _-]?you[ _-]?)?to[ _-]?recommend|rate[ _-]?(us|your[ _-]?experience)|star[ _-]?rating|was[ _-]?this[ _-]?helpful)
