# dim	label	flags	globs	regex
# _SURFACE rows decide whether there is a product to audit at all. CLM, MET, and SHIP are always active.
_SURFACE	UI files (web pages, components, templates)	-	@web	.
_SURFACE	native mobile or desktop UI code	-	@code	(SwiftUI|UIViewController|@Composable|setContentView|StatelessWidget|StatefulWidget|react-native|electron|tauri)
_SURFACE	API route definitions	-	@code	((app|router|server|api|r)\.(get|post|put|patch|delete|route)\(|@[[:alnum:]_]+\.(route|get|post|put|patch|delete)\(|@(Get|Post|Put|Patch|Delete|Request)Mapping|urlpatterns|Route::|HandleFunc\(|export (async )?function (GET|POST|PUT|PATCH|DELETE))
_SURFACE	CLI command definitions	i	@code	(commander|yargs|argparse|click\.command|@click\.|typer|cobra\.command|clap::|oclif)
_SURFACE	a published package manifest	-	package.json	"(bin|exports|publishConfig)"[[:space:]]*:
_SURFACE	a published Python, Rust, or Ruby package manifest	-	pyproject.toml,Cargo.toml,*.gemspec	^(\[project\]|\[package\]|[[:space:]]*spec\.name)
_SURFACE	billing, pricing, analytics, or feature-flag code	i	@code,@config	((^|[^[:alpha:]])stripe([^[:alpha:]]|$)|@paddle/|paddle\.(js|com|initialize|setup|checkout|environment)|paddle_?(api|vendor|client|billing|webhook|environment)|lemonsqueezy|chargebee|recurly|revenuecat|paywall|(has|check|get|require|list|active)_?entitlements?|entitlements?_?(check|map|service|for)|plan_?id|price_?id|subscription_?(id|status)|posthog|mixpanel|amplitude|launchdarkly|unleash|growthbook|statsig|flagsmith|openfeature)
ENT	plans, tiers, prices, paywalls, or entitlement checks	i	@code,@config,@sql	(paywall|(has|check|get|require|list|active)_?entitlements?|entitlements?_?(check|map|service|for)|entitlements\.(active|list|retrieve)|plan_?(id|name|tier|key|limits?|features)|pricing_?(plan|tier|table)|(free|starter|pro|premium|team|business|enterprise)_?(plan|tier)|is_?(pro|premium|paid)([^[:alnum:]_]|$)|has_?feature|upgrade_?required|usage_?limit|price_?id|lookup_?key)
ENT	prices in page copy or a pricing route	i	@web,@code	(\$[0-9]+(\.[0-9][0-9])?[[:space:]]*(/|per)[[:space:]]*(mo|month|yr|year|user|seat)|["'/]pricing["'/])
BILL	a billing provider SDK or checkout	i	@code,@config	((^|[^[:alpha:]])stripe([^[:alpha:]]|$)|@paddle/|paddle\.(js|com|initialize|setup|checkout|environment)|paddle_?(api|vendor|client|billing|webhook|environment)|lemonsqueezy|lemon-squeezy|chargebee|recurly|braintree|revenuecat|storekit|billingclient|react-native-iap|in_app_purchase|@polar-sh|@paypal/|adyen|mollie|razorpay|checkout\.sessions|checkout_?session)
BILL	subscription state or billing events	i	@code,@sql	(subscription_?(status|id|item|state)|current_period_end|cancel_at_period_end|trial_?(ends?_?at|end|period)|past_due|dunning|customer\.subscription\.)
CUST	team memberships, invites, or member roles	i	@code,@sql	(memberships?|(team|workspace|org|organization|account|project)[._]?members?|invite_?(member|user|teammate)s?|(team|workspace|org|organization)_?invit(e|ation)s?|accept_?invit(e|ation)|member_?roles?|["']owner["'][[:space:]]*,[[:space:]]*["'](admin|member|editor|viewer)["']|(team|workspace|org|organization)_?roles?|create[[:space:]]+table[[:space:]]+(if[[:space:]]+not[[:space:]]+exists[[:space:]]+)?["']?(memberships|members|team_members|workspace_members|organization_members|invitations|invites|member_roles))
CUST	admin, support, or back-office tooling	i	@code,@shell	(["']/admin|admin_?(panel|routes?|controller|actions?)|support_?(tool|panel|console)|backoffice|back_office|impersonat|activeadmin|admin\.site\.register\([[:space:]]*(organization|workspace|team|account|subscription|customer|tenant))
KPI	business metric computation	i	@code,@sql	((^|[^[:alnum:]])(mrr|ltv|arpu|dau|wau|mau)([^[:alnum:]]|$)|monthly[ _-]?recurring|recurring[ _-]?revenue|churn[ _-]?rate|lifetime[ _-]?value|active[ _-]?users|retention[ _-]?(rate|cohort|curve)|cohort[ _-]?(analysis|retention)|(trial|signup|visitor|paid)[ _-]?conversion)
KPI	dbt models or a semantic layer	i	*.sql,*.yml,*.yaml	(\{\{[[:space:]]*ref\(|^metrics:|^semantic_models:)
EXP	experiment, A/B test, or variant-assignment code	i	@code,@config	(ab_?test|split_?test|getexperiment|useexperiment|getvariant|usevariant|getvariation|usedecision|growthbook|statsig|optimizely|eppo|vwo|abtasty|holdout_?(group|cohort|percent|percentage)|control_?group|treatment_?group|experiments?\.(get|run|activate|assign)|assign_?(variant|bucket))
VOC	feedback, survey, support, or contact code	i	@code,@web	(feedback[ _-]?(form|widget|modal|button|dialog)|send[ _-]?feedback|(^|[^[:alnum:]])(nps|csat)([^[:alnum:]]|$)|bug[ _-]?report|contact[ _-]?(us|form|sales)|(^|[^[:alnum:]])(intercom|zendesk|freshdesk|helpscout)([^[:alnum:]]|$)|\$crisp|crisp_?website_?id|canny\([[:space:]]*["'](identify|render)|cancel(lation)?[ _-]?reason|exit[ _-]?survey)
VOC	waitlist or demand capture	i	@code,@web	(wait[ _-]?list|notify[ _-]?me|early[ _-]?access|request[ _-]access|requestaccess(form|button|modal|page|dialog)|book[ _-]?a[ _-]?demo|feature[ _-]?request)
